Topic,Count,Name,Representation,Representative_Docs
-1,32844,-1_like_just_people_don,"['like', 'just', 'people', 'don', 'things', 'need', 'buy', 'use', 'stuff', 'videos']","['The thing that’s a shame in the first modern purse video is that this girl clearly has some personality and uniqueness, looking at the spooky hello kitty bags at the top and how very different they are to all her other bags which are all pink or neutral. I feel like she had some uniqueness that she forced out of herself and she’s probably buying these bags now and the real her probably doesn’t even like them, but they’re just like everyone else’s and don’t stand out from the crowd. Why are people in such a hurry to just fade into the background and be a carbon copy? I had 1 bag that I took to school with me and it lasted 6 years, it was ditched, the underneath was peeling, there was spilled make up stains but I didn’t get a new bag. That was the bag for me. Now I own 3 bags, and have just ordered a 4th and I go out of my way to find unique pieces that tell you something about me. I have one that literally looks like a book of spells and I love it so much because I haven’t actually seen it before or seen anyone else wearing it either online or in my every day life. But yeah, 4 bags and I probably won’t buy another one for years and years. I love my own personal sense of style and expressing that especially because it’s unique to me. Why do you want to be like other people? Why do you want to be like everybody else when being you is so much better', ""A lot of the beauty influencers get the products in PR, they aren't going out spending their own money on every single product, that's why they have such overwhelmingly large collections. Obviously some people do go out and spend thousands on products but at least 3 of the people you showed are huge influencers who get sent most everything. Plus for creators on that level the shelving & storage is a business expense and using it in a video is a deduction, same with the professional organizer costs. The ones you showed that had just the tree hut and shower stuff, they probably do go purchase a lot of it, they don't have the following to get it all for free. My cousin back in the late '90's, early '00's when she got her first job would go to Victoria Secret every single payday and purchase a new set of body lotion, shower gel & body spray. At one point she literally had every scent they sold so moved on to Bath & Body Works, thankfully she out grew it and doesn't even like fragrance anymore 😂 I think that brands should be more mindful with how much PR they send out and influencers should learn to start telling them no, please only send certain products that will work for my skin or makeup for my complexion. Tati Westbrook has been complaining about PR waste for almost a decade. I think a lot of the massive 'Sephora haul' videos are created by people who are trying to get noticed by brands and trying to go viral, because any attention on a video, even negative, is positive attention to them and gives them the views & engagement they crave. It's also that everyday there is the newest hottest 'must-have' product and they desperately want to be one of the 'cool girls'. I think it also is the high of buying something new that everyone else wants. Shopping addiction is a huge problem yet it has almost been normalized by TT and 'normal' people (I mean not someone with 10 million followers, 10 million in the bank or a celebrity) showing every thing they buy, even if it's just 2 items. I don't think that people stop to ask themselves how all this stuff, like those Razors or 200 shower products are being paid for because few people openly & honestly talk about it, it's rare to hear someone say that they are drowning in credit card debt because of their 'collecting' or need to fit in. I also wonder like with those 4k Sephora hauls how much was returned after the video? I've heard that a lot of people will buy tons of products for a haul video then just return it, it's why certain stores have changed their return policies. I've also wondered if in some of these haul videos, where receipts aren't shown, if they are just putting stuff they already own in a bag and pretending they just purchased it all in one shopping trip."", 'I bet you some of these influencers will also be like I’m helping saving the planet by buying all this stuff and if I buy 100 toilet rolls I’m saving money 😳 I guess at least they’re prepared if there was a world crisis and they couldn’t get out . I lived in a village previously , I would have to do a food shop for home delivery as I don’t drive and I did buy enough lol roll , baby wipes , nappies , milk and cupboard stuff as the local shops were so expensive as that was a connivence and I now live in a town and I don’t need to have a full load of stuff and I’m trying to get used to not having a full freezer as I can get a weekly shop and if needed others can get me a few bits if I run out . The world largely into buying stuff and and I was guilty of having a whole load of bedding covers and it was just me at this point and people don’t need 10 sheets per bed and well that’s all gone now and I have 3 fitted sheets for the spring and summer ( only as it’s changed a couple times a week as I am always in bed and so it needs it and I discovered teddy fleece sheets and having poor circulation I get freezing cold and the place I. I’m currently has no heating upstairs and so I was so happy when I saw those . I used to watch programs on hoarders and then get to work in my home when I was definitely not a hoarder but I’d do clear outs often. I’ve been housebound since January and all of the bits I use daily are in my room as I’m living with my dad ( moving out tomorrow … ) but it makes it easily accessible and I just keep one toiletry bag by the bed , medication in a small basket , minimal clothing as I had the ICU diet last September and lost 4 stone and I could go out to get clothes plus I didn’t have money to buy clothes and so a couple of ladies donated most of my clothes except my underwear. Having an 8% chance of survival I have learned a lot and I was always feeling less than my brother as they own their house and they can afford things but things don’t make people more of a success , I’m happy to just be alive and very grateful to my dad who has given me things to be able to move into a ground floor flat as I’m disabled now and I’ve lived with him since my discharge after 56 days in hospital and I don’t have a circle but people don’t need a lot of “friends “ most of the people who were my friends never bothered at all when I got gravely ill and I dint miss them as they weren’t true friends and I have people in my life who are loyal and people who have picked me up things from the town when I needed bits from shops that are sold for silly prices online and it’s a rip off for people who are in this position but I wouldn’t be spending say £50 on stuff and making these drawers . As I put in a comment below I didn’t even want my backpack which had my phone amd charger and a purse with a little bit of cash . All I wanted and needed when I was on the edge of life and death was to breathe . My new place is basic but I can get some wall art and little things as I go and I have time . Imagine if today was your last day and all that money you spent on having a whole stock of all. That skin care you could of spent on a meal out , holiday etc as you can’t take anything with you when you go ( this is for those who do this kinda stocking up and also people who have a basement and do the whole couponing which is more the US than the here in the uk but they are some crazy ass people who will go mad if their total is a few $ out . I’d love to see a video of that . ) I think I’ve written enough now to get my views on this video across and I have followed and will look at your other videos ☺️ especially MLM ones can’t stand it']"
0,12045,0_like_just_fridge_don,"['like', 'just', 'fridge', 'don', 'books', 'buy', 'people', 'use', 'love', 'things']","['There are a lot of people who do that. Hand soap is for when you are out and not using a sink in public cause people are nasty and there is not always a soap dispenser unless you always use a perfectly great bathroom, and all she did was organize her drawer so instead of shufffling stuff around, you did not disclaim that if I want to have this stuff to keep in my purse so that when I go out it is to keep sanitary there is no affliate link for Clorox wipes, I know that some of the restock people I watch are real and i watch them over rich people who do that, I also restock and I am normal I also have 7 kids so having a drink refrigerator would be wonderful and one day I will. No o don’t like ice like that I am good, and as a content creator I can buy all of it and you can’t say that I am wasting my money, I don’t feel poor when watching it, I find it pleasing and it helps me I do that as well, light and airy and simple if they want it and for us who want to have it all should not be talked about or made to feel bad cause we want it.', ""I have about... three collections? Books, rocks, and plushies. I rarely buy new books, and I've blocked myself from getting new ones because I haven't had time to read lately, so im not working through my backlog. Once I get through the majority of them, I can then continue getting more. If I ever dont want them, there's countless used book stores/thrift stores I can drop them off at. My rocks I am much much more picky with. most of them come from tours at caves with my dad, and sometimes I add cool rocks I find outside, or such. I do not buy rocks just whenever. and plushies? Yeah I have a worse habit with those, but I love each and every one of them. I try to keep myself to only getting new ones when I have a particularly nasty event happen (car crash, family passing, other situations like that). I need to cut down on the growing of the collection of my plushies, but I doubt im going to get rid of any of the ones I currently have, unless I really really need to. I love them so much. My point is, yes, collections of things can get overwhelming a little quickly. I love the things I have and would be so sad to see it all go, but do I need to constantly be adding to it? no. by no means. And I try not to let myself be sucked into whatever is popular at the time, because that's... boring. I like what I like, and I try to get unique items each time (no duplicate rocks, as different stuffed animal types as possible, no two version of the same book). Collecting intentionally is what makes it fun, its what makes it interesting, its what gives it a story"", ""I use jam jars for coffee. Because my mum buys jam. And then we keep the jars when they're done instead of recycling them because once a year my mum makes marmalade, and stores it in the jars. She also uses the jars to store other preserves/pickled goods/items when she decides to make them. I took one or two empty jars from the Jar Cupboard to use, because it's fun to shake my coffee and it's a good volume. But thing is, we kept them, we reused them, and that's why I have my jars. I moved out and I took my favourite jar with me. That's all I use, and I wash it every day and reuse it. We also keep golden syrup tins (for lanterns and penpots! My family run a lot of kids' crafts events, etc), ice cream and butter tubs, ramekins, and way more! We recycle what we won't use! But it's great for storage. And that's what I don't get about the weck jars, because WHY ARE PEOPLE GOING OUT AND BUYING THEM, EMPTY? Do people not USE things??? It annoys me ALMOST as much as the people buying loads of single use plastic 'starbucks style' cups just so they can make their coffee LOOK bought. It's way nicer not in plastic anyway, but just use a drinking glass, or a recycled jar. Why are you buying so much disposable junk!??? (I understand it could potentially be different for those with disabilities in some cases but those are definitely not the cases I'm talking about). Being from a family like this, you can also imagine how old our Christmas and Easter decorations are lol (older than me, the oldest child...) - we also don't decorate for autumn, that sort of thing just isn't huge where I am. We are guilty of keeping any free bags we get given though!!!! Especially gift bags, so we can give them to others... (and even wrapping paper lol)""]"
1,1654,1_ice_cubes_trays_ice cubes,"['ice', 'cubes', 'trays', 'ice cubes', 'cube', 'ice cube', 'freezer', 'like', 'ice trays', 'coffee']","['I have autism and with it comes a condition called ""pica"". There are many different ways of showing off this condition, but I, in particular, can\'t stop eating ice. So when I saw that video with the ice trays and ice cubes, it was a DREAM. I wanted it so much. I have a few ice trays in my house but my fridge is not nearly big enough to have a whole freezer just for ice, so I just counted my losses! Anyway, I was heavily inflluenced by the ice cube creator and i imagine other people - with more money than I - too!', 'When I watch the ice cube video I wonder what she does with all those ice cubes.', 'I love how some of the trays for ice already have ice cubes in them...']"
2,409,2_slavery_slave_slaves_consumerism,"['slavery', 'slave', 'slaves', 'consumerism', 'perfection', 'perfection slavery', 'debt', 'people', 'free', 'choice']","['Actually, Slavery is the perfection of Slavery.', 'consumerism is the perfection of slavery', 'Consumerism is the perfection of slavery 😢']"
3,350,3_razor_razors_shower_wall,"['razor', 'razors', 'shower', 'wall', 'razor corner', 'corner', 'blades', 'razor wall', 'rust', 'hairy']","['The razor corner took me out 😮😢😭', 'The razor collection sent me 😳😳😳 the way I wanted to unzip my skin seeing that many razors hanging in a shower like ma’am there’s some logic we’re missing here — when you store your razor in your shower, the major change in temperature swinging from hot & steamy to dry and controlled can cause the moisture strip on your razor to dry out and become less effective. When the moisturizing strip on your razor gets overly dried out, the shave will be significantly less smooth. This isn’t typically a problem as *most* people store only the single razor they’re using in the shower and by the time the moisture strip has dried out, you’re ready to swap out the razor refill. But when you have a whole frickin wall of razors and you can’t possibly be using them all each time you shower, you’re going to have a ton of dried out razors before you ever even use them. 🫠 Just had to share because that was beyond unhinged 🙃', 'Another thing about the razor wall that annoys me is that razor heads are interchangeable! You could quite literally go your whole life using one razor handle and just changing out the heads. Not to mention all those razors are gonna rust in the shower…']"
4,329,4_plastic_beaded bags_beaded_bags,"['plastic', 'beaded bags', 'beaded', 'bags', 'waste', 'plastic waste', 'ugly', 'bags ugly', 'trash', 'garbage']","['Those beaded bags were so ugly', 'Those beaded bags are SO UGLY 😭🤮', 'This beaded bags are so ugly 😅']"
5,290,5_nails_tapping_nail_fingernails,"['nails', 'tapping', 'nail', 'fingernails', 'nail tapping', 'tap', 'fake nails', 'long', 'fake', 'long nails']","['How do they do anything with those ridiculous nails??? Does the nail tapping they do annoy the f***k out of anyone else??? 😒', 'Ugh.. the nail tapping everytime... why why why do they have to tap their nails on everything they show? 🥴😵\u200d💫', ""she lost me with the nails. I can't see someone with that nails and take them serious, sorry.""]"
6,264,6_batteries_battery_organizer_battery organizer,"['batteries', 'battery', 'organizer', 'battery organizer', 'rechargeable', 'drawer', 'rechargeable batteries', 'aa', 'tester', 'actually']","[""That's a very small battery organizer in the video at . I have a battery organizer, and it holds over 200 batteries. They are SO nice to have! I love how I don't have to dig through a basket (I used to keep my batteries in a lidded basket). Mine also came with a battery tester, and the tester fits into the holder (the one in the video also has a tester). It has a strip of lights that illuminates it in case there is an emergency, so you can find the batteries you need. It can fit in a junk drawer, but I keep mine on the folding table in my laundry room. Maybe a small organizer like that would be good in a dorm room in a desk drawer. Or upstairs in a dresser drawer in case you want a few batteries upstairs. I can't see it as the main battery holder. What is bad though is that there isn't a cover on that battery holder. Mine has a cover on both sides (one side is made specifically for AA batteries). I'm in the camp of these types of videos are fun to watch, but I don't care enough to buy these things. Sometimes, you may see a product that could be worth it, I guess. The ice tray thing though? Never has tempted me. I have 2 ice trays from the 80s or 90s (they're old but still do the job) to use in case something happens to the ice maker. I have a large pantry, so they actually live in the pantry instead of taking up room in the freezer."", 'I have that battery organizer and love it 😂', 'Battery organizer: I have that and I use rechargeable batteries. Batteries are expensive if you have to keep buying them.']"
7,241,7_sleep_bed_morning_hair,"['sleep', 'bed', 'morning', 'hair', 'morning shed', 'shed', 'bonnet', 'night', 'sleeping', 'chin']","[""Want to drop a comment as a new user of those sleeping amendments: you don't understand it exactly because you already can sleep well. High stress, breathing issues, anxiety - that all can effectively break sleep so badly that you never, actually, feel refreshed and relaxed. It creates the self-supporting loop: less sleep, more anxiety, more anxiety, less sleep, and to break it something is needed. Sleep is so essential, so people are very prone to even faintest hope of better sleep. And yes, at least in some cases at least part of those weird devices are helpful, as CPAP machine can looks scary, but improve sleep for those who has apnea, even being weird and sleep-ruining for more healthy people,."", 'The morning shed trend sends my autistic ass into overstimulation just by seeing it. If the covertor of my bed is slightly off, i cannot sleep. NOW IMAGINE GOING TO SLEEP WITH ALL THIS. I would have a meltdown every night before sleepin, maybe they do too and thats why they get to sleep with all that crap? Maybe you just send urself into a panic attack to sleep.', ""My hot take on the morning sheds... i have a cpap machine i must sleep with if i want to wake up the next day lol.. i have to have a satin hair cover to keep the cpap straps from destroying my hair. I also have a husband whos computer is in our bedroom who doesn't go to bed at the same time as me, so i wear an sleep eye mask as well as headphones that play rain sounds. I usually use a night time face cream and a lip balm as well before putting all of that stuff on.. at first it was a bit annoying to get used to but let me tell you, i sleep like a baby. I wake up for nothing. I have never been so rested before i started going to bed looking like darth vader. So the morning sheds might take a few nights to get used to but then they would be more comfortable to sleep in""]"
8,228,8_store_storage_storage unit_unit,"['store', 'storage', 'storage unit', 'unit', 'grocery', 'home', 'grocery store', 'stores', 'look like', 'like']","['""Shopping her storage unit"" someone with a whole house should absolutely not have a storage unit, what are we doing.', '""Shop your storage unit instead of the stores"" Why are we buying so much stuff that can\'t fit in our house that we also need to buy a storage unit?', ""It's as if they want it to look like a grocery store.""]"
9,202,9_germany_weck_jars_german,"['germany', 'weck', 'jars', 'german', 'weck jars', 'jar', 'mason', 'canning', 'weck jar', 'mason jars']","['Didn’t know Weck jars were even trending. They do NOT cost that much in Germany.', ""Hi there! This video was just randomly suggested to me today and I'm confused... Living in Germany I had no idea that the Weck jars are/were a big thing in the US! Because our Weck-jars here in Germany... well they cost 2-5€ here xD"", 'Weck jars are literally just German mason jars. When Mason jars were trending they were hella expensive here in Germany too 😂']"
10,187,10_china_chinese_america_american,"['china', 'chinese', 'america', 'american', 'gdp', 'people', 'communist', 'chinese propaganda', 'propaganda', 'goods']","['The comparisons between the West and China don\'t make much sense as basically OECD countries GDPs are comically inflated. Both the EU and the US count as consumption: Imputed rent (literally shit that doesn\'t exist, 9%-10% in Western economies almost non-existent in China) STIK, counted as consumption in the West (particularly huge in Europe) and as government expenditures in China. Plus China has a large, unaccounted economy. Once everything is said and done consumption in China, as a slice of GDP, is comparable to Europe. On the other hand the US figures are inflated by ""services"" crap like: Idiotically high healthcare, mortgage and auto insurance expenses. Equally absurd expenses for college Demented costs for child care Once you remove these factors (and a few others) you are left with a population that, bar the wealthiest 5%, live surprisingly frugal lives. True, houses and cars tend to be bigger than elsewhere (and the rate of car ownership is very high) but the former are often of laughable quality, the latter are commonly second or third-hand vehicles from no-frills brands, the average age of American cars is 13 years. The number of new semi-luxury or truly luxury vehicles is surprisingly modest. Amazon, Walmart and TJX are the 3 largest clothes retailers in a country where Nike, New Balance and Lululemon are considered almost high-end. 1/3 of the apparel market is second-hand stuff. The restaurant scene is mostly made of casual outlets, outside of major metros fine dining is pretty much unknown. 1/4 of the grocery market is owned by Walmart. Etc etc etc', ""Are you criticizing China while in China? I hope they don't come after you."", 'But the agreement was letting China do the worker thing. just realize that. But things have changed. The elites are taking over in China in 2025 just like they did in the United States in 1980. China is moving away from being a manufacturing economy. The difference with China is they’re better at world domination than the West was. It is their turn, especially if they make friends with Korea and Vietnam and the Philippines and Japan oh, if China made nice nice with Japan, the west could never be able to rival that allegiance.']"
11,169,11_vegan_friend_vegan products_products,"['vegan', 'friend', 'vegan products', 'products', 'bring', 'bathroom', 'guest', 'vegan friend', 'natural', 'non toxic']","['If your friend is coming to stay with you and only uses “natural, nontoxic, vegan products” then she should bring her own products.', 'The non toxic vegan friend can bring her own products', '“Natural nontoxic vegan products” …bring your own stuff']"
12,137,12_hair_shiny_hair looks_hair shiny,"['hair', 'shiny', 'hair looks', 'hair shiny', 'gorgeous', 'looks', 'hannah', 'video', 'hannah hair', 'beautiful']","['Your hair looks so good!! What do you so for it?', 'Your hair looks so shiny and healthy 🎉', 'Your hair looks so shiny 😊']"
13,126,13_cat_kitty_love cat_meowing,"['cat', 'kitty', 'love cat', 'meowing', 'cats', 'cute', 'cat meowing', 'meow', 'background', 'love']","['I love the cat meowing 🐱🐱💖💖', 'my cat heard your cat and was so very confused about where that cat was 😅😂', 'I keep thinking your cat is my cat 😭']"
14,125,14_expire_dates_expiration_products expire,"['expire', 'dates', 'expiration', 'products expire', 'expired', 'expire used', 'expires', 'expiration dates', 'going expire', 'expire use']","[""They'd expire before you could ever use them, what a waste..."", '90% of those products will expire before being used,, what a waste of', 'these products will expire even before she can use them all. This is such a waste.']"
15,101,15_school_wish_teacher_high school,"['school', 'wish', 'teacher', 'high school', 'high', 'lecture', 'professor', 'wish teacher', 'class', 'university']","['I wish I had a teacher like this back in school.', 'Are you a high school teacher or something?', 'I wish I had a teacher like yourself when I was in high school Beautiful lecture']"
16,90,16_skin_hannah skin_skin looks_skin care,"['skin', 'hannah skin', 'skin looks', 'skin care', 'glowing', 'skincare', 'care', 'hannah', 'routine', 'looks']","['Speaking of skin care, can you drop your skin care routine? Your skin is flawless.', 'Hannah your skin looks amazing ❤', 'speaking of skin care, hannah your skin is glowing girl!!! ❤ drop the skin care routine 😂 also, thank you for the video 😊']"
17,87,17_series_new series_new_love new,"['series', 'new series', 'new', 'love new', 'excited', 'excited new', 'series love', 'love', 'series excited', 'series great']","['LOVE this new series!', 'I love the new series!', 'Love this new series!']"
18,85,18_junk_junk drawer_drawer_drawer junk,"['junk', 'junk drawer', 'drawer', 'drawer junk', 'restocking junk', 'restocking', 'junk draw', 'draw', 'lol', 'drawer just']","['Junk drawer 😂. That’s definitely not a junk drawer. I HAVE a junk drawer 🤣🤣', 'Lol that “junk” drawer is not a junk drawer 😂', ""if you're restocking a junk drawer then its not a junk drawer""]"
19,85,19_10_rating_called 10_average,"['10', 'rating', 'called 10', 'average', 'called', 'girl', '10 average', 'rate', '10 10', '10 good']","['Am I the only one who thought 7/10 was a compliment until this video? 🤣 Maybe it’s my obsession with math, but 5/10 is average and 10/10 is perfect so anything between 6/10 and 9/10 is some degree of “attractive.” I generally rate myself around a 5 or 6 and a 7 if I’m feeling particularly hot on a certain day, so if someone told me I was a 7 I’d be flattered.', ""I know this isn't the point, but a 7 out of 10 is well above average. She would have been upset with a 9 out of 10. Anything less than 10 was going to hit the same. That's why rating someone, or asking someone to rate you, on a scale of 1 to 10 is an absolutely terrible idea. Anything less than 10 is going to be a horrible insult, and make people wonder what, specifically, it is about them that kept them from getting a 10. An appearance rating scale is a bad idea for all involved. It's a whole Rabbit Hole you don't want to go down."", 'Is 7/10 considered a bad rating? 🤔 I would think 5/10 or 6/10 to be the average, so most people and 7/10 would be above average? If someone was described as a 7/10 I would assume the person is good looking. Am I incorrect? 😅']"
20,82,20_ergo_ergo sum_sum_patrick bateman,"['ergo', 'ergo sum', 'sum', 'patrick bateman', 'bateman', 'patrick', 'mea', 'cogito', 'culpa', 'lakenzo']","['Consumo ergo sum.', 'Cogito, ergo sum ""I think, therefore I am""', 'Cogito ergo sum, I think therefore I am']"
21,82,21_hoarding_aesthetic_aesthetic hoarding_looks,"['hoarding', 'aesthetic', 'aesthetic hoarding', 'looks', 'bla', 'pleasing', 'minimalist', 'glad', 'ess', 'looks cheap']","[""Coming from a family of hoarding tendencies... this was scary. Just cos it looks aesthetically pleasing, does not mean it's any less HOARDING :"", 'Overconsumption is just aesthetic hoarding.', 'Aesthetic hoarding is still hoarding']"
22,69,22_cotton candy_candy_cotton_candy routine,"['cotton candy', 'candy', 'cotton', 'candy routine', 'routine', 'sensitive', 'scented', 'candy lady', 'dove', 'scent']","['I love that the Cotton Candy lady starts with the Dove Sensitive Skin :P', ""The cotton candy lady, it's nauseating!"", 'COTTON CANDY CANCER']"
23,69,23_belly_belly button_button_oiling,"['belly', 'belly button', 'button', 'oiling', 'funsies', 'oil', 'button funsies', 'oiling belly', 'castor', 'oil belly']","['“Oiling up your belly button for funsies” 😂😂', '""Oiling up your belly button for funsies"" 🤣🤣🤣👌🏻', 'Oiling up your belly button for funsies 😂']"
24,69,24_fries_french_free_free french,"['fries', 'french', 'free', 'free french', 'free fries', 'fry', 'french fries', 'french fry', 'mcdonald', 'mcdonalds']","[""the girl want to look pretty to get free french fries in McDonald's?!! I mean,girl, go buy it by yourself"", 'Lol fix your diet get in the gym and also get free french fries 😂', '""Go to the gym, clean up your diet"" also though ""get free French fries at McDonald\'s"" 😂😂']"
25,69,25_laugh_funny_laughing_loud,"['laugh', 'funny', 'laughing', 'loud', 'laughed', 'laugh loud', 'hard', 'hilarious', 'laughed loud', 'lol']","['The “doomsday prepping” comment made me laugh out loud 😂😅', 'I keep pop on comments because you are literally making me laugh out loud. So glad I found you!!😊', 'Omg I F…ing Love You!!! I was seriously laughing so hard I started crying!!!! Everything you said is so true and so funny….”aren’t you at home?”…..😂LOL 😂😂😂']"
26,66,26_jesus_god_lord_christ,"['jesus', 'god', 'lord', 'christ', 'bible', 'jesus loves', 'heart', 'world', 'jesus christ', 'loves']","['At the end of the video, you were talking about your glow up goals and I LOVE those goals, they are actually meaningful in my opinion and I completely need to work on that stuff as well! But, you were talking about how you have so much stress and anxiety and i don’t know if you have thought of doing what I’m about to say or are doing it, but reading the Bible helps with stress and it helps you be a good Christian and even a good friend!! But I used to be SO stressed out and have so much anxiety and I still do, but it’s a WHOLE lot less ever since I started reading the Bible and I’m just happier overall. And I know for sure it’ll do the same for everyone if you are dedicated to having a relationship with God and you read the Bible and pray. I can’t think of any verses that help with stress and anxiety specifically off the top of my head, but if you haven’t taken this into consideration (any of yall) I recommend proverbs for wisdom, knowledge, and understanding. And Luke talks about Jesus birth, Genesis talks about his creating the world especially chapter 1. THERES ARE SO MANY VERSES THAT HELP WITH ANXIETY AND STRESS!!! I really hope anyone uses this advice and I hope it works for you!! Sorry for writing so much, just want to try and help with that and I’m trying to spread the word!!', 'There is a way to be unspotted and to dwell in everlasting LIGHT. His name is Jesus of Nazareth and HE stands at the door and knocks. Count the cost for to follow Him is to know / gnostes sorrow and to die daily to self. When you inquire with sincerity of heart ( whole heartedly ) HE will teveal to anyone that HE is real and alive forevermore. JESUS stands at the door and knocks. All things become new IN Christ. This is LOVE that never fails nor will HE leave you. His peace and Joy await. Now / TODAY is the day of Salvation. Jesus died rose and paid in full the penalty for our sins. Blessings and abundance in Jesus!', 'Ladies, looks will fade. 1 Samuel 16:7 King James Version 7 But the Lord said unto Samuel, Look not on his countenance, or on the height of his stature; because I have refused him: for the Lord seeth not as man seeth; for man looketh on the outward appearance, but the Lord looketh on the heart. What really matters is what is in your heart. We all need new hearts through Jesus Christ. Jeremiah 17:9 9 The heart is deceitful above all things, and desperately wicked: who can know it? We are all sinners in a dyer need of a savior. Jesus died for each individual he created in this world and rose from the grave. We must just simply believe and repent and turn from our sins. In the end, all that really matters is where your soul goes when you die. It will either be in eternity with God or eternity in his wrath. Today is the day of salvation. I beg you to see the bigger picture and realize that what God thinks of you is more important than what man thinks. Jesus values you and loves you.']"
27,65,27_nurse_practitioner_nurse practitioner_routine,"['nurse', 'practitioner', 'nurse practitioner', 'routine', 'morning routine', 'health', 'morning', 'evidence', 'medicine', 'patients']","[""I find this even more concerning that she starts it with my morning routine as a NURSE PRACTITIONER, suggesting she's speaking as someone with authority about health."", '. That woman is a nurse practitioner!! What is she telling her patients to do!!!', 'I can\'t believe she\'s a Nurse Practitioner! God help whoever she is ""caring"" for! I\'m sorry but she doesn\'t seem to have either the mental or emotional intelligence to be a Nurse Practitioner! I guarantee If I met her in a doctor\'s office as a practitioner, I would walk out and not return.']"
28,63,28_beaver_wipe_wipe beaver_beaver wipe,"['beaver', 'wipe', 'wipe beaver', 'beaver wipe', 'hole', 'wipe hole', 'beaver hole', 'wipes', 'jugs', 'pardon']","['“A wipe for my beaver AND a wipe for my b-hole” I’m cooked 😂', '“A wipe for my beaver and a wipe for my b-hole” took me out 🤣', '""A wipe for my beaver, and a wipe for my b hole."" ""PARDON?"" 💀😭']"
29,61,29_students_questions_class_answer,"['students', 'questions', 'class', 'answer', 'million', 'million dollars', 'answering', 'dollars', 'school', 'lecture']","[""Wow ! The students were so dumb. No common sense couldn't even answer basic simple questions. 😢"", 'He\'s wasting his time talking to those students ....they couldn\'t answer a simple question like ""what do you do if you get a million dollars ?"" ...duh ...', ""The lecture is great, but I feel bad for the professor as the students feels kinda slow, I remember when I was a student we always was answering and sharing opinions and arguing etc, and I see that people here on the lecture just dead silent cant even answer basic questions. That's sad. Gen z kinda sad generation for this""]"
30,57,30_15_118_parts_118 parts,"['15', '118', 'parts', '118 parts', '15 minutes', 'minutes', 'sexier', 'feel sexier', '18', 'number']","['When you said 118 parts to that feel sexier series, I actually had to pause and laugh. I had guessed 16 😂', 'my jaw dropped when you revealed that there were 118 parts to the how to feel sexier series😂😂', 'My guess for the number of parts of the how to ""how to feel sexier"" series: 15 Hannah: ""there are 118 parts of this series"" What what? Whhhhy?']"
31,57,31_hoarding_hoarders_organized hoarding_organized,"['hoarding', 'hoarders', 'organized hoarding', 'organized', 'hoarder', 'hoarding hoarding', 'end hoarders', 'called hoarding', 'just hoarding', 'hoard']","['Organized hoarding is still hoarding and these ""creators"" are all hoarders.', 'Hoarding is still hoarding, even if it’s organized.', 'Organized hoarding is still hoarding']"
32,56,32_20_average_ceo_average ceo,"['20', 'average', 'ceo', 'average ceo', 'ceo makes', 'times average', '20 years', '000', '20 times', 'makes']","[""where in gods name does an AVerage AVERAGE AVERAGE CEO make 20 millions dollars a year, that's absurd"", ""There was an interesting thing Thorsten Veblen did were he did a survey and asked people if they would rather earn 50-000 a year in a town where everyone else earned 60000, or 40000 in a town where everyone else earned 30000. Almost all the respondents went for the latter. It's not really about how much money you have, it's about how much you have compared to everyone else. I live in a very poor country as an expat professional and though I earn probably 20 times the average salary, (which still isnt much by Western standards) there is so little to actually consume here that I pretty much live like everyone here does, albeit of course with much more security. And it's absolutely fine. You don't really need much more than a healthy diet and a wifi connection to function, and it's a massive relief not to waste my time and money buying for the sake of it. I'm probably happier than I've ever been."", 'Average ceo makes 20 million is the dumbest thing I’ve heard in a while']"
33,56,33_mini_haul_mini sephora_sephora haul,"['mini', 'haul', 'mini sephora', 'sephora haul', 'sephora', 'mini haul', 'size', 'products', 'products mini', 'think mini']","['i think that influencer called it a ""mini"" sephora haul because all of the products were mini sizes. i don\'t think they were referring to the haul as mini. lmao.', 'The mini sephora haul is minis , mini products', 'The ""mini"" haul was mini products, not a ""mini haul""']"
34,55,34_july_summer_september_fall,"['july', 'summer', 'september', 'fall', 'fall july', 'august', '20th', 'decorating fall', 'july 20th', 'decorating']","['the decorating for fall in july is driving me up the wall... july 20th is less than 1/3 into summer', 'Girl what do you mean july 21st is ""technically"" still summer. It could literally not be MORE summer. Fall doesnt start until September 21st, summer only just started a month before july 21st. There\'s no technically here, it IS summer and so is all of august and most of September', ""decorating for FALL in JULY is crazy. July is summer, fall isn't until september.""]"
35,51,35_sleeves_hands_sleeve_sleeves hands,"['sleeves', 'hands', 'sleeve', 'sleeves hands', 'covering', 'covering hands', 'sleeves covering', 'drives', 'sleeve thing', 'hate']","['The sleeves on the hands!! Cringe', 'The sleeves over the hands drives me INSANE.', 'The sleeves, the sleeves covering the hands or half of the hands in these videos (and restock videos) BOTHERS ME SOOO MUCH 😥']"
36,50,36_debt_credit_card debt_credit card,"['debt', 'credit', 'card debt', 'credit card', 'credit cards', 'card', 'debt debt', 'cards', 'americans', 'rich']","[""I'm curious to know how much credit card debt these people are in"", 'Debt. Debt is why we are so broke.', 'All I see in these videos is credit card debt.']"
37,50,37_4k_4000_sephora_month,"['4k', '4000', 'sephora', 'month', 'spend', 'money', '40', '4000 sephora', 'insane', 'gen']","['These data findings are presented in a confusing manner (also there are some grammatical errors). Perhaps this wording is better? ""In the US, 4% (did they mean 44% ?) of Gen Zers and 39% of Millennials are ordering more delivery, compared to just 26% of Gen Xers and Baby Boomers. When it comes to takeout, 57% of Gen Zers and 40% of Millennials are ordering more, while only 28% of Gen Xers and 24% of Baby Boomers report doing the same.', ""Wow, thousands of dollars of products that will go bad because they cannot be used in time. If you're buying high end items, why buy the cheap stuff? I am all about buying good quality and big bottles so something will last and work well. I am not going to own a million others of the same product. What the heck? I have to work really hard to make the money to just get my high quality items. Strict budgeting, too. To see all of that is insane. You know what works best for my skin care routine? A $4 bar of Tea Tree Therapy soap, $2 scrubber gloves, $5 charcoal Equate pore strips, and a $9 bottle of black willow bark face wash/mask from Shea Terra. So, 20 bucks for my routine, which includes the organic wash/mask. Touch-up for my oily skin includes just water or alcohol. I am very oily. I get a $28 mascara, but it lasts years before going bad. The most I spend is on my hair with a $50 keratin oil bottle and some $20 frizz spray. That lasts me several months, though! I cannot even pin the last time I bought those items."", '74% of adults are dumb with money..who spends $4k a year on subscriptions, etc?! I’m good with money all in all. (Natal Saturn in Scorpio in 2nd house conjunct Pluto in Libra.) That’s what happens when you live over 40 years with hardly any of it & working hard. I never finished college bc I didn’t want to sell out to a career for 40+ hours a week hating life, like my parents. But I would have if I could’ve found my life partner earlier (before became a mother & got into a car accident & became disabled & couldn’t work). My husband takes care of me now, thank God. But we’ve been raising a child off of less than $34k for 13 years. He just finished college & interning, so hopefully everything gets better soon. My life is abundant. I don’t need all that shallow stuff. I’ve never had a credit card besides Home Depot & Wayfair, & paid them off early. I bought a 10-y-o CRV, should be paid off next year. I live on beautiful property in a double wide from 80s & am happy. I cut my own hair, do my own Brazilian perms, & do my own French tips. My life is good.']"
38,49,38_landfills_landfill_trash_waste,"['landfills', 'landfill', 'trash', 'waste', 'garbage', 'goes', 'waste waste', 'end landfill', 'just', 'landfill landfill']","[""What a freaking waste! But, she is making money, so nevermind the already over filled landfills & all the waste that she, & other creators, are adding to those landfills. It's worth it. 🙄🙄🙄🙄🙄🙄🙄🙄🤮"", ""Random thought at ... I'm thinking these people are AD NPC's. Lol Crazy simulation conspiracy theory.🤣 Edit at :30 Wanna know what is sad... eventually all this overconsumption shit is going to go into landfills. More garbage. It's going to be a problem on top of the problem the world has with garbage. I just can't..."", 'Promoting products or not, these ppl are so disgustingly wasteful and promoting huge amounts of waste. They’re the whole ass problem when it comes to why our landfills are overfilled. The ppl themselves should go in the landfill, then we’d have a lot less waste.']"
39,47,39_000_house_buy house_invest,"['000', 'house', 'buy house', 'invest', 'million', '300 000', 'rent', 'buy', '000 house', 'million dollars']","[""I kind of disagree on the middle bit. If giving everyone in the class 1mil dollars is equivalent to good wages in the post-war, sure lots of people bought houses, but those middle class people aren't usually the psychopaths competing for bigger and bigger houses. That's the elites. The problem the elites had is that many people were allowed to save money, and buying a house to a degree does count as saving money if you consider it an investment. So when the elites did something the middle class didn't like, the middle class had the wiggle room to go on strike, quit on a dime, rebel in this way or another. But by increasing inequality it makes it so that the elites have a tighter hold on their people, even if those people don't like it, they can't do anything about it. And by having so much money, that only increases how many people they can manipulate, because the vast majority of the world's population is in that kind of situation."", ""you have 1 million dollars. if you buy a $700,000 house, you're left with $300,000. If you buy a $300,000 house, you're left with $700,000. $700,000 > $ 300,000. Therefore, a $300,000 house is better than $700,000 house."", 'Total household debt increased by $93 billion to reach $18.04 trillion in the fourth quarter, according to the latest Quarterly Report on Household Debt and Credit. Aggregate delinquency rates ticked up 0.1 percentage point (ppt) from the previous quarter to 3.6 percent of outstanding debt in some stage of delinquency. Mortgage balances rose by $11 billion to stand at $12.61 trillion at the end of December. Transition into serious delinquency, defined as 90 or more days past due, remained stable for mortgages, but edged up for auto loans, credit cards, and HELOC balances. Auto loan balances saw an $11 billion increase to $1.66 trillion in the fourth quarter, while credit card balances increased by $45 billion from the previous quarter to reach $1.21 trillion at the end of December. (Source: Federal Reserve)']"
40,46,40_zeke_cat_mommy_love zeke,"['zeke', 'cat', 'mommy', 'love zeke', 'mommy mommy', 'zeke cat', 'hearing zeke', 'zeke zeke', 'voicing opinion', 'thought zeke']","['Tell Zeke that I am appalled that I had to wait TWENTY whole minutes to hear him meow. Do better, Zeke. 😂😂😂😂😂😂', 'Even Zeke thought this was crazy!', 'I love zeke (and these videos)']"
41,46,41_shower_25_25 step_step shower,"['shower', '25', '25 step', 'step shower', 'step', 'shower routine', '25 steps', 'routine', 'steps', 'steps shower']","[""1. Get towel 2. Grab clean clothes 3. Turn on bathroom light 4. Close bathroom door 5. Open shower door 6. Turn on water 7. Undress 8. Step into shower 9. Clothes shower door 10. Step into water stream 11. Wet hair 12. Shampoo hair 13. Rinse hair 14. Soap body 15. Rinse body 16. Wash face 17. Rinse face 18. Shave (sometimes) 19. Turn off water 20. Dry off 21. Turn off water 22. Open shower 23. Step out 24. Get dressed 25. Brush hair That's the only way I'm getting anywhere near a 25 step shower."", 'My 25 step shower routine: 1. Open bathroom door 2. Walk into bathroom 3. Get a towel 4. Make sure the products I need are in the shower 5. Get undressed 6. Pull back shower curtain 7. Turn on shower 8. Adjust temperature 9. Get in the shower 10. Wet hair 11. Put shampoo in my hair 12. Scrub scalp 13. Rinse hair 14. Put conditioner in hair 15. Detangle with a wide tooth comb and my fingers 16. More conditioner because curly hair problems 17. Put on exfoliating gloves 18. Lather soap 19. Wash body 20. Rinse body 21. Wet face 22. Cleanse face 23. Rinse hair 24. Rinse face 25. Dry off I mean who DOESNT have a 25 step routine 💅💅💅', '25 step shower routine? 🤣🤣🤣 Just no.']"
42,46,42_wrist_holder_ponytail_wrists,"['wrist', 'holder', 'ponytail', 'wrists', 'pony', 'hair', 'ponytail holder', 'pony tail', 'tail', 'hair tie']","['Hair tie holder??!! Ever heard of YOUR OWN WRIST???!!', 'The pony tail holder, what happened to wearing a hair tie on your wrist???', ""Ponytail holder??! THAT'S WHAT YOUR WRIST IS FOR!!!!""]"
43,46,43_cyber_cyber truck_truck_cybertruck,"['cyber', 'cyber truck', 'truck', 'cybertruck', 'comment', 'truck comment', 'cybertruck comment', 'laugh', 'loud', 'loved cybertruck']","['The cyber truck line lmao', 'The cyber truck reference….lol 😂', 'The cyber truck comment 😂😂😂😂']"
44,42,44_blush_blush collection_lipstick_lipstick blush,"['blush', 'blush collection', 'lipstick', 'lipstick blush', 'use lipstick', 'collection', 'shades', 'blush blush', 'shade', 'makeup']","['wtf ?!?! How does anyone have a blush collection much less one like this!?!? Seriously tho!?! 🤯 it’s BLUSH!! So it’s just a couple shades of pink or peach. And I promise NOBODY notices or cares what shade of blush anybody wears 🤦🏻\u200d♀️ this is just embarrassing', 'I just use my lipstick as blush 😭', 'I use lipstick as blush. I don’t even have a blush in my makeup bag 😂']"
45,39,45_brazilian_brazil_pepper_peppertree,"['brazilian', 'brazil', 'pepper', 'peppertree', 'brasil', 'professor', 'pepper tree', 'brazilian pepper', 'brazilian peppertree', 'aroeira']","['I had NO IDEA THEY PUT AROEIRA-VERMELHA IN CREAMS OMG 😂 for a second i thought it could be arnica. What a curious name Brazilian Pepper Tree, welp BRAZIL MENTIONED 🙌🙌🙌 SENDING YOU LOVE FROM BRASIL, HANNAH', 'as a brazilian, if it says BRAZILIAN PEPPERTREE just run kkkkkk we here knows as a plant that u get VERY itchy and we are told to STAY AWAY kkkkkkkkk just, dont.the itchyness is allergy, just allergy. kkkkkkkkkkkkk for the brazilian here, its AROEIRA kkkkk LOL', 'Brazilian here, I have no idea what is a Brazilian pepper tree 🤷🏻\u200d♀️']"
46,39,46_return_video return_video_wonder,"['return', 'video return', 'video', 'wonder', 'videos', 'content return', 'buy content', 'returned', 'buy video', 'content']","['I wonder how much of these products they buy for the video and then return', ""I wonder if some of them film the video and then return most of the items? I'm not defending them, but recently, I've seen videos of influencers buying tons of items to donate to charity and afterwards being caught returning all the items."", 'They buy for their video then return everything to the store']"
47,38,47_10_steps day_steps_10k,"['10', 'steps day', 'steps', '10k', '10k steps', '100', '000 steps', '10 mins', '10 000', 'ed']","['""If you want to be pretty, walk a minimum of 10,000 steps a day."" Me: (laughs in reduced mobility) 😂😂', 'Her: “minimum of 10,000 steps a day” Me: 👩🏻\u200d🦽\u200d➡️Ummm', 'oof the 10k steps a day is super diet culture / ed talk… trust me, i know… edtwt loves those 10k steps when it is quite hard to do for many people, specially people who go to school / work… when i had an ed i would just pace around my room to reach 10k steps— it was so bad, and whenever i hear someone unironically use that as “health advice” i immediately know they are part of diet culture and ed’s… no, you don’t need to walk 10k steps every day! just do HEALTHY amounts of exercise (again, don’t over do it) and you’ll be fine']"
48,36,48_europeans_freedom hating_godless_hating europeans,"['europeans', 'freedom hating', 'godless', 'hating europeans', 'hating', 'godless freedom', 'freedom', 'european', 'europe', 'europeans godless']","['""Godless, freedom hating Europeans"" I\'m dead 🤣', '""Those godless freedom hating Europeans!""', '""Those Godless freedom hating Europeans."" 😂😂😂']"
49,32,49_minutes_min_blah_minutes talking,"['minutes', 'min', 'blah', 'minutes talking', 'months thought', 'min just', 'months', 'video', 'parts hannah', 'starting video']","['Girl! You spent 7 minutes talking before showing a single video.', 'Hannah: “Guess how many parts there are.” Me: “Okay, I’ll play. Um, 7 parts?” Hannah: “118!” Me: 👁️ 👄 👁️', 'Wow. 7 minutes of talking about starting the video before starting the video. Get on with it.']"
50,32,50_james charles_charles_james_follow james,"['james charles', 'charles', 'james', 'follow james', 'follow', 'face', 'said', 'said james', 'charles jump', 'charles face']","['""Literally follow James Charles"" Me: *OH THAT\'S NOT-*', 'We made the same face when she said “James Charles” 🤣', 'Follow James Charles immediately no']"
51,32,51_perfumes_skin care_products_blush,"['perfumes', 'skin care', 'products', 'blush', 'shades', 'body sprays', 'tree hut', 'owning', 'hut', 'different']","['There\'s perfume ""collection"" too. No one can use that many perfumes! I started to get into that addiction, and thank god something in my mind switched, and now I know I need only four perfumes; if I want to try a new perfume, I will buy them only after finishing a tester and after I have used all my perfumes.', ""Here i only use fragrance free products and only add perfume when I feel like and I have 4 perfume but they expired 3 years ago but I only use them on clothes in emergency I don't feel like need any more perfumes after I started using benzoyl peroxide on armpit"", ""I think for regular people the normal would be owning up to 3-4 products in each category (let's say 4 lipsticks, 4 shades of blush, 4 eyeshadow palettes etc). I myself am guilty of owning too much makeup (mostly eyeshadow palettes, I have over 30 and I have come to realize they're just expiring, so I've cut on these purchases massively).""]"
52,31,52_coffee filter_coffee_filter_bowl,"['coffee filter', 'coffee', 'filter', 'bowl', 'bowl looks', 'stack coffee', 'coffee filters', 'purse bowl', 'looks like', 'filters']","['Purse bowl? Coffee filter?', 'That one bowl looks like a coffee filter. Straight up.', 'The second purse bowl looks like a giant coffee filter.']"
53,31,53_reagan_economic_80s_consumerism,"['reagan', 'economic', '80s', 'consumerism', 'policies', 'elite', 'war', 'class', 'changed', 'financialization']","['These lectures always gloss over the historical reasons for the shift to Reaganism since it doesn\'t fit their narrative. It wasn\'t a cabal of rich people greedily forcing change, it was a failure of the economic policies of the 70s that were making life difficult for the working and middle class. You don\'t have a president win large in reelection and subsequently have his VP be the next president (and then have the most economically conservative Democrat) without the general sentiment of the American culture agreeing with his policies. I\'m all for discussing whether the Reagan Revolution was the right tool for the right job in solving the issues of the 70s but omitting the cultural and economic realities for the average American prior to the Reagan era is a disingenuous approach to this sort of lecture. It assumes there were no issues with the ""worker first"" economic approach that had persisted up to the 80s and in doing so assumes just going back to pre-80s economic policies will fix everything. If we aren\'t honest about the economic problems that the 70s had we are doomed to repeat them since everyone will think ""just go back"" is the solution.', 'His core argument isn\'t wrong. The post-war social contract really did put workers at the center, the Reagan-Thatcher era really did blow it up, and CEO pay really has gone from 20x to 300x the average worker. These are facts, not opinions. But he smooths out history until it looks like a conspiracy. The shift to neoliberalism wasn\'t some elite meeting where they decided to swap ""worker"" for ""consumer."" It came out of real crises — stagflation, oil shocks, collapsing productivity — and the responses were messy, contradictory, and often unintended. Jung makes it sound like a chess move. It was more like a bar fight. His Marx point is also sneaky. He says Marx was ""right"" because post-war societies adopted worker-friendly policies. But Marx wanted to abolish capitalism, not soften it with unions and public healthcare. Calling the welfare state a vindication of Marx is like saying a band-aid vindicates the guy who recommended amputation. The million-dollar thought experiment is fun but rigged. Of course students say ""buy a house, post it online"" — he\'s leading them there. People also use money to help their families, start businesses, travel, donate. Reducing human motivation to status competition on social media is a caricature, not an insight. And the big finish — consumerism as ""the perfection of slavery"" — sounds profound until you notice it contradicts his own other lectures. If the system were truly perfect, there\'d be no populism, no protests, no Trump, no revolutions. The world is clearly not full of content, obedient consumers. It\'s full of angry, anxious people who sense something is broken but can\'t quite name it. That\'s not perfection. That\'s a system running on fumes.', 'Thank you for reminding us of the revolt of the elite and thatcher in the 80’s. Other key trends of the 80’s were the rise of the computer, followed by the growth of the internet. And globalization was huge, which outsourced manufacturing and prioritized shrewd and ultimately sociopathic management. Really the 80’s was the beginning of financialization of the economies of the west, particularly in the US. That is, banking and financial instruments (stock, bonds, loans, derivatives, real estate, mortgage backed securities, CDOs, and all the insurance) this sector became dominant in the economy. Less manufacturing. And seemingly less economic dominance of the military industrial complex which previously had been the leader. So agriculture, manufacturing, mining, energy, transportation, education, healthcare, media, etc., the entire American infrastructure receded in importance. And everything became dependent on financial investment to fund technical advances, and to send shareholder profit to the banks, and to the funds, and to the top 1-3%. Over time we had such a concentration of wealth and power, that democracy became oligarchy. Sometime after the crash of 2008, perhaps by 2012- 2020, but surely in the wake of covid, another shift has occurred. Recently technology for AI has emerged as the new dominant economic sector. Consumerism typically seems to imply buying cheap stuff. Is housing cheaper? University education? What about groceries? Is healthcare cheaper? Is childcare cheaper? Is eldercare cheaper? Are new vehicles cheaper? Is insurance dropping in price? Do cellphones really drop massively in affordability? Are five executive-level suits more affordable than 5 years ago? Are plumbing repairs or roof repairs or a new furnace more affordable, or is that something like a catastrophe? Maybe some plastic basket for your bathroom is cheaper, sure. But so what. Life didnt really become easier or more affordable in this grand experiment with globalization and financialization, except for the top 1-3%. Anyway, the recent trend suggests fewer tangible items desired, right? Whats preferred is more social clout, or more experiences. Not necessarily more stuff. Many of these experiences may be almost addictive. Social media use and phone use are at record highs and have become damaging to people. Consumerism as a label feels a bit behind the times and out of touch. Moreover it presumes a level of disposable income not enjoyed by consumers for many years. We’re dealing more with escapism and phone addiction today. That is the prison. Yes? Whats being described here and what Fukuyama discussed is a type of keeping up with the Joneses. He wrote that about the trap of consumerism circa 1989 - 1992? Neil Postman’s “Amusing Ourselves to Death” from 1985 or so, appears more prescient. So what’s actually happening is massive economic shifts, now due to AI, and a new round of job losses, reduced wages, an unconcerned government, and the situation is all completely changed. Once folks are on social media, instead of blaming leadership or blaming the system for their woes, they are interacting with AI bots who pull them into right versus left false paradigm, sparking outrage. Not solutions. The current situation is dangerous. But no it’s not the prison of consumerism, that’s really outdated and over simplified. Folks are addicted to their freakin’ phones. And there the algorithms get them. There they experience psychological warfare from AI that sucks away their time and energy and incites outrage against their neighbors, instead of cooperating with them to make a better world.']"
